source,source_name,db_name,report_name,lookback,main_view,table_1,table_2,table_3
Ad Server / Creative / Planned Spend Sources,Campaign Manager,DCM_UAT,Standard,14,[dbo].[vw_StandardReport],,,
Ad Server / Creative / Planned Spend Sources,Campaign Manager,DCM_UAT,Standard,14,[dbo].[FactStandardReport],,,
Ad Server / Creative / Planned Spend Sources,Campaign Manager,DCM_UAT,Activity ,30,[dbo].[vw_Floodlight],,,
Ad Server / Creative / Planned Spend Sources,Campaign Manager,DCM_UAT,Activity ,30,[dbo].[FactFloodlight],,,
Ad Server / Creative / Planned Spend Sources,Campaign Manager,DCM_UAT,Monthly Reach,365,[dbo].[vw_CookieRNF_Month],,,
Ad Server / Creative / Planned Spend Sources,Campaign Manager,DCM_UAT,Monthly Reach,365,[dbo].[FactCookieRNF_Month],,,
Ad Server / Creative / Planned Spend Sources,Campaign Manager,DCM_UAT,Weekly Reach,365,[dbo].[vw_CookieRNF_Month],,,
Ad Server / Creative / Planned Spend Sources,Campaign Manager,DCM_UAT,Weekly Reach,365,[dbo].[FactCookieRNF_Month],,,
Ad Server / Creative / Planned Spend Sources,Campaign Manager,DCM_UAT,DMA,7,[dbo].[vw_StandardReport_DMA],,,
Ad Server / Creative / Planned Spend Sources,Campaign Manager,DCM_UAT,DMA,7,[dbo].[FactDMAReport],,,
Ad Server / Creative / Planned Spend Sources,Sizmek,APIReportingDB_AMZN,Standard,14,[sizmek].[vw_StandardReport],,,
Ad Server / Creative / Planned Spend Sources,Sizmek,APIReportingDB_AMZN,Standard,14,[sizmek].[FactStandardReport] ,,,
Ad Server / Creative / Planned Spend Sources,Sizmek,APIReportingDB_AMZN,Activity,30,[sizmek].[vw_DisplayReport_with_Conversion_Activities],,,
Ad Server / Creative / Planned Spend Sources,Sizmek,APIReportingDB_AMZN,Activity,30,[sizmek].[FactActivityReport],,,
Ad Server / Creative / Planned Spend Sources,Sizmek,APIReportingDB_AMZN,Monthly Reach,365,[sizmek].[FactMonthlyReachFrequency],,,
Ad Server / Creative / Planned Spend Sources,Sizmek,APIReportingDB_AMZN,Weekly Reach,365,[sizmek].[FactWeeklyReachFrequency],,,
Ad Server / Creative / Planned Spend Sources,Sizmek,APIReportingDB_AMZN,Search Standard,0,[sizmek].[vw_SearchReport],,,
Ad Server / Creative / Planned Spend Sources,Sizmek,APIReportingDB_AMZN,Search Standard,0,[sizmek].[FactSearchReport],,,
Ad Server / Creative / Planned Spend Sources,Sizmek,APIReportingDB_AMZN,Search Activity,0,[sizmek].[vw_SearchReport_by_Activity],,,
Ad Server / Creative / Planned Spend Sources,Sizmek,APIReportingDB_AMZN,Search Activity,0,[sizmek].[FactSearchReport_by_Conversion_Activities] ,,,
Ad Server / Creative / Planned Spend Sources,Sizmek,APIReportingDB_AMZN,DCO Standard,7,[dbo].[vw_StandardReport_DMA],,,
Ad Server / Creative / Planned Spend Sources,Sizmek,APIReportingDB_AMZN,DCO Standard,7,[sizmek].[FactActivityReport_DCO],,,
Ad Server / Creative / Planned Spend Sources,Flashtalking,APIReportingDB,Ad Details,0,[dbo].[vw_Flashtalking_Ad_Details_Master],[flashtalking].[creative_report_facts],,
Ad Server / Creative / Planned Spend Sources,Flashtalking,APIReportingDB,Ad Details,0,[dbo].[vw_Flashtalking_Ad_Details_Master],[flashtalking].[creativeversion_dim],[flashtalking].[creative_dim],
Ad Server / Creative / Planned Spend Sources,Flashtalking,APIReportingDB,Ad Details,0,[dbo].[vw_Flashtalking_Ad_Details_Master],[flashtalking].[placement_dim],,
Ad Server / Creative / Planned Spend Sources,Flashtalking,APIReportingDB,Ad Details,0,[dbo].[vw_Flashtalking_Ad_Details_Master],[flashtalking].[version_report_facts],[flashtalking].[campaign_dim],[flashtalking].[advertiser_dim]
Ad Server / Creative / Planned Spend Sources,Flashtalking,APIReportingDB,Standard,0,[dbo].[vw_Flashtalking_Standard_Report_v2_EL],[flashtalking].[creative_report_facts],,
Ad Server / Creative / Planned Spend Sources,Flashtalking,APIReportingDB,Standard,0,[dbo].[vw_Flashtalking_Standard_Report_v2_EL],[flashtalking].[creativeversion_dim],[flashtalking].[creative_dim],
Ad Server / Creative / Planned Spend Sources,Flashtalking,APIReportingDB,Standard,0,[dbo].[vw_Flashtalking_Standard_Report_v2_EL],[flashtalking].[placement_dim],,
Ad Server / Creative / Planned Spend Sources,Flashtalking,APIReportingDB,Standard,0,[dbo].[vw_Flashtalking_Standard_Report_v2_EL],[flashtalking].[version_report_facts],[flashtalking].[campaign_dim],[flashtalking].[advertiser_dim]
Ad Server / Creative / Planned Spend Sources,Flashtalking,APIReportingDB,Standard,0,[dbo].[lkupClient_Normalized],,,
Ad Server / Creative / Planned Spend Sources,Prisma,PrismaDB,Prisma Data,0,[dbo].[vw_Prisma_Details],,,
Ad Server / Creative / Planned Spend Sources,Prisma,PrismaDB,Prisma Data,0,[dbo].[placements],,,
Ad Server / Creative / Planned Spend Sources,Prisma,PrismaDB,Prisma Data,0,[dbo].[campaigns],,,
Ad Server / Creative / Planned Spend Sources,Prisma,PrismaDB,Prisma Data,0,[dbo].[placements_monthly],,,
Ad Server / Creative / Planned Spend Sources,Prisma,PrismaDB,Advanced Placement Details,0,[dbo].[advanced_placement_details],,,
Ad Server / Creative / Planned Spend Sources,Prisma,PrismaDB,Placements Daily,0,[dbo].[placements_daily_delivery],,,
Ad Server / Creative / Planned Spend Sources,Prisma,PrismaDB,Buy Orders,0,[dbo].[buy_orders],,,
Ad Server / Creative / Planned Spend Sources,Prisma,PrismaDB,IO Monthly,0,[dbo].[io_monthly],,,
Ad Server / Creative / Planned Spend Sources,Innovid,InnovidDB,Report name,14,[dbo].[vw_Innovid_Data],,,
Ad Server / Creative / Planned Spend Sources,Innovid,InnovidDB,Report name,14,[dbo].[Bravecto_stage],,,
Ad Server / Creative / Planned Spend Sources,Dynamic Creative (DCO),DCO_DB,Standard,0,[dbo].[vw_DCO_Standard_Report_Master],,,
Ad Server / Creative / Planned Spend Sources,Dynamic Creative (DCO),DCO_DB,Standard,0,[dbo].[dim_Dynamic_Profile],,,
Ad Server / Creative / Planned Spend Sources,Dynamic Creative (DCO),DCO_DB,Standard,0,[dbo].[dim_normalized_client],,,
Ad Server / Creative / Planned Spend Sources,Dynamic Creative (DCO),DCO_DB,Standard,0,[dbo].[dim_Reporting_Label],,,
Ad Server / Creative / Planned Spend Sources,Dynamic Creative (DCO),DCO_DB,Standard,0,[DCM_UAT].[dbo].[DimAd],,,
Ad Server / Creative / Planned Spend Sources,Dynamic Creative (DCO),DCO_DB,Standard,0,[DCM_UAT].[dbo].[DimAdvertiser],,,
Ad Server / Creative / Planned Spend Sources,Dynamic Creative (DCO),DCO_DB,Standard,0,[DCM_UAT].[dbo].[DimCampaign],,,
Ad Server / Creative / Planned Spend Sources,Dynamic Creative (DCO),DCO_DB,Standard,0,[DCM_UAT].[dbo].[DimCreative],,,
Ad Server / Creative / Planned Spend Sources,Dynamic Creative (DCO),DCO_DB,Standard,0,[DCM_UAT].[dbo].[DimPackage],,,
Ad Server / Creative / Planned Spend Sources,Dynamic Creative (DCO),DCO_DB,Standard,0,[DCM_UAT].[dbo].[DimPlacement],,,
Ad Server / Creative / Planned Spend Sources,Dynamic Creative (DCO),DCO_DB,Standard,0,[DCM_UAT].[dbo].[DimSite],,,
Ad Server / Creative / Planned Spend Sources,Dynamic Creative (DCO),DCO_DB,Standard,0,[DCM_UAT].[dbo].[DimTime],,,
Ad Server / Creative / Planned Spend Sources,Dynamic Creative (DCO),DCO_DB,Standard,0,[dbo].[_fact_Dynamic_Creative_Report],,,
Ad Server / Creative / Planned Spend Sources,Dynamic Creative (DCO),DCO_DB,Standard,0,[DCM_UAT].[dbo].[lkupClient_Normalized],,,
Ad Server / Creative / Planned Spend Sources,Dynamic Creative (DCO),DCO_DB,Standard,0,[dbo].[prisma_daily_spend],,,
Ad Server / Creative / Planned Spend Sources,Dynamic Creative (DCO),DCO_DB,Standard,0,[DCM_UAT].[dbo].[Standard_Report_PlacementDate],,,
Ad Server / Creative / Planned Spend Sources,Dynamic Creative (DCO),DCO_DB,Floodlight,0,[dbo].[vw_DCO_Floodlight_Report_Master],,,
Ad Server / Creative / Planned Spend Sources,Dynamic Creative (DCO),DCO_DB,Floodlight,0,[dbo].[dim_Reporting_Label],,,
Ad Server / Creative / Planned Spend Sources,Dynamic Creative (DCO),DCO_DB,Floodlight,0,[DCM_UAT].[dbo].[DimAd],,,
Ad Server / Creative / Planned Spend Sources,Dynamic Creative (DCO),DCO_DB,Floodlight,0,[DCM_UAT].[dbo].[DimAdvertiser],,,
Ad Server / Creative / Planned Spend Sources,Dynamic Creative (DCO),DCO_DB,Floodlight,0,DCM_UAT].[dbo].[DimCampaign],,,
Ad Server / Creative / Planned Spend Sources,Dynamic Creative (DCO),DCO_DB,Floodlight,0,[DCM_UAT].[dbo].[DimCreative],,,
Ad Server / Creative / Planned Spend Sources,Dynamic Creative (DCO),DCO_DB,Floodlight,0,[DCM_UAT].[dbo].[DimPackage],,,
Ad Server / Creative / Planned Spend Sources,Dynamic Creative (DCO),DCO_DB,Floodlight,0,[DCM_UAT].[dbo].[DimPlacement],,,
Ad Server / Creative / Planned Spend Sources,Dynamic Creative (DCO),DCO_DB,Floodlight,0,[DCM_UAT].[dbo].[DimSite],,,
Ad Server / Creative / Planned Spend Sources,Dynamic Creative (DCO),DCO_DB,Floodlight,0,[dbo].[fact_Creative_Activity_Report],,,
Ad Server / Creative / Planned Spend Sources,Dynamic Creative (DCO),DCO_DB,Floodlight,0,[DCM_UAT].[dbo].[Standard_Report_PlacementDate],,,
Ad Verification Sources,Integral Ad Science (IAS),IASData,Report name,7,[dbo].[vw_IAS_Integration_Master],,,
Ad Verification Sources,Integral Ad Science (IAS),IASData,Report name,7,[dbo].[LEGO_IAS_Details],,,
Ad Verification Sources,Double Verify (DV),IASData,Custom,7,[dbo].[vw_DV_Custom_Report_data],,,
Ad Verification Sources,Double Verify (DV),IASData,Custom,7,[dbo].[Applebees_DV_Custom_Report_data],,,
Ad Verification Sources,Double Verify (DV),IASData,Viewability,7,[dbo].[vw_DV_Detailed_Viewability_Report_data],,,
Ad Verification Sources,Double Verify (DV),IASData,Viewability,7,[dbo].[Applebees_DV_Detailed_Viewability_Report_data],,,
Ad Verification Sources,Double Verify (DV),IASData,Monitoring,7,[dbo].[vw_DV_Monitoring_Report_data] ,,,
Ad Verification Sources,Double Verify (DV),IASData,Monitoring,7,[dbo].[Applebees_DV_Monitoring_Report_data],,,
Ad Verification Sources,Moat,IASData,Report name,7,[dbo].[KDP_MOAT_staging] ,,,
Programmatic Sources,Matterkind Spend,CadreonDB,Matterkind Spend – Datorama Feed,0,[dbo].[vw_Matterkind_Data],,,
Programmatic Sources,Matterkind Spend,CadreonDB,Matterkind Spend – Datorama Feed,0,[dbo].[FactDV360],,,
Programmatic Sources,Matterkind Spend,CadreonDB,Matterkind Spend – Datorama Feed,0,[dbo].[Matterkind_AU_Spend],,,
Programmatic Sources,Matterkind Spend,CadreonDB,Matterkind Spend – Datorama Feed,0,[dbo].[MATTERKIND_DIM_ADSERVER_CAMPAIGN],,,
Programmatic Sources,Matterkind Spend,CadreonDB,Matterkind Spend – Datorama Feed,0,[dbo].[MATTERKIND_DIM_ADVERTISER],,,
Programmatic Sources,Matterkind Spend,CadreonDB,Matterkind Spend – Datorama Feed,0,[dbo].[MATTERKIND_DIM_CAMPAIGN],,,
Programmatic Sources,Matterkind Spend,CadreonDB,Matterkind Spend – Datorama Feed,0,[dbo].[MATTERKIND_DIM_PLACEMENT],,,
Programmatic Sources,Matterkind Spend,CadreonDB,Matterkind Spend – Datorama Feed,0,[dbo].[MATTERKIND_DIM_SITE],,,
Programmatic Sources,Matterkind Spend,CadreonDB,Matterkind Spend – Datorama Feed,0,[dbo].[MATTERKIND_FACT_COST],,,
Programmatic Sources,DV 360,CadreonDB,Standard,14,[dbo].[vw_Matterkind_Data],,,
Programmatic Sources,DV 360,CadreonDB,Standard,14,[dbo].[FactDV360],[dbo].[DimAdvertiserDV360],,
Programmatic Sources,DV 360,CadreonDB,Standard,14,[dbo].[FactDV360],[dbo].[DimCampaignDV360] ,,
Programmatic Sources,DV 360,CadreonDB,Standard,14,[dbo].[FactDV360],[dbo].[DimInsertionOrderDV360] ,,
Programmatic Sources,DV 360,CadreonDB,Standard,14,[dbo].[FactDV360],[dbo].[DimLineItemDV360] ,,
Programmatic Sources,Trade Desk,CadreonDB,Performance,0,[dbo].[vw_TradeDesk_Performance_basic_stats],,,
Programmatic Sources,Trade Desk,CadreonDB,Performance,0,[dbo].[DimTradeDesk_AdGroup],,,
Programmatic Sources,Trade Desk,CadreonDB,Performance,0,[dbo].[DimTradeDesk_AdServer],,,
Programmatic Sources,Trade Desk,CadreonDB,Performance,0,[dbo].[DimTradeDesk_Campaign],,,
Programmatic Sources,Trade Desk,CadreonDB,Performance,0,[dbo].[DimTradeDesk_Creative],,,
Programmatic Sources,Trade Desk,CadreonDB,Performance,0,[dbo].[DimTradeDesk_Partner],,,
Programmatic Sources,Trade Desk,CadreonDB,Performance,0,[dbo].[FactTradeDesk_BasicStats_data],,,
Social Sources,Facebook,FB_DB_Proc,FB Daily Ads,7,[dbo].[vw_FB_Daily_Ads],,,
Social Sources,Facebook,FB_DB_Proc,FB Daily Ads,7,[dbo].[FB_DailyAd_Report],,,
Social Sources,Facebook,FB_DB_Proc,FB Daily Ads,7,[dbo].[DimFBCampaign],,,
Social Sources,Facebook,FB_DB_Proc,FB Daily Ads,7,[dbo].[DimFBAdset],,,
Social Sources,Facebook,FB_DB_Proc,FB Daily Ads,7,[dbo].[FB_DailyAd_Report_Conversion],,,
Social Sources,Facebook,FB_DB_Proc,FB Daily Ads,7,[dbo].[fact_fb_daily_ad_report],,,
Social Sources,Facebook,FB_DB_Proc,Monthly Campaign,7,[dbo].[vw_FB_Monthly_Campaign_Report],,,
Social Sources,Facebook,FB_DB_Proc,Monthly Campaign,7,[dbo].[FB_MonthlyCampaign_Report],,,
Social Sources,Facebook,FB_DB_Proc,Monthly Campaign,7,[dbo].[DimFBCampaign],,,
Social Sources,Facebook,FB_DB_Proc,Monthly Campaign,7,[dbo].[fact_fb_monthly_campaign_report],,,
Social Sources,Facebook,FB_DB_Proc,Daily DMA,7,[dbo].[vw_FB_DailyDMA_Report],,,
Social Sources,Facebook,FB_DB_Proc,Daily DMA,7,[dbo].[FB_DailyDMA_Report],,,
Social Sources,Twitter,TwitterDB,Campaign,0,[dbo].[vw_Twitter_Details_Master],,,
Social Sources,Twitter,TwitterDB,Campaign,0,[dbo].[media_creatives_data],,,
Social Sources,Twitter,TwitterDB,Campaign,0,[dbo].[media_creatives_dim],,,
Social Sources,Twitter,TwitterDB,Campaign,0,[dbo].[promoted_tweets_data],,,
Social Sources,Twitter,TwitterDB,Campaign,0,[dbo].[promoted_tweets_dim],,,
Social Sources,Twitter,TwitterDB,Campaign,0,[dbo].[accounts_dim],,,
Social Sources,Twitter,TwitterDB,Campaign,0,[dbo].[campaign_dim],,,
Social Sources,Twitter,TwitterDB,DMA,0,[dbo].[vw_DIM_DMA],,,
Social Sources,Twitter,TwitterDB,DMA,0,[dbo].[Dim_Country],,,
Social Sources,Twitter,TwitterDB,DMA,0,[dbo].[Dim_DMA],,,
Social Sources,Twitter,TwitterDB,DMA,0,[dbo].[lookup_dma_report_by_account],,,
Social Sources,Snapchat,SnapchatDB,Ad,0,[dbo].[vw_Snapchat_Daily_Details_All],,,
Social Sources,Snapchat,SnapchatDB,Ad,0,[dbo].[snap_ad],,,
Social Sources,Snapchat,SnapchatDB,Ad,0,[dbo].[snap_ad_squad],,,
Social Sources,Snapchat,SnapchatDB,Ad,0,[dbo].[snap_campaign],,,
Social Sources,Snapchat,SnapchatDB,Ad,0,[dbo].[snap_ad_account],,,
Social Sources,Snapchat,SnapchatDB,Campaign,0,[dbo].[snap_campaign],,,
Social Sources,Snapchat,SnapchatDB,Conversion,0,[dbo].[snap_conversion],,,
Social Sources,Snapchat,SnapchatDB,Geo,0,[dbo].[snap_geo],,,
Social Sources,Snapchat,SnapchatDB,Stat,0,[dbo].[snap_stats],,,
Social Sources,Pinterest,APIReportingDB,Ad,7,[dbo].[vw_Pinterest_Ad_Details_Master],,,
Social Sources,Pinterest,APIReportingDB,Ad,7,[pinterest].[tbl_Pinterest_Ad_Details],[pinterest].[ad_dim],,
Social Sources,Pinterest,APIReportingDB,Ad,7,[pinterest].[tbl_Pinterest_Ad_Details],[pinterest].[ad_facts] ,,
Social Sources,Pinterest,APIReportingDB,Ad,7,[pinterest].[tbl_Pinterest_Ad_Details],[pinterest].[ad_group_dim] ,,
Social Sources,Pinterest,APIReportingDB,Ad,7,[pinterest].[tbl_Pinterest_Ad_Details],[pinterest].[advertiser_dim] ,,
Social Sources,Pinterest,APIReportingDB,Ad,7,[pinterest].[tbl_Pinterest_Ad_Details],[pinterest].[campaign_dim] ,,
Social Sources,Pinterest,APIReportingDB,Ad,7,[pinterest].[tbl_Pinterest_Ad_Details],[pinterest].[keyword_dim] ,,
Social Sources,Pinterest,APIReportingDB,Ad,7,[pinterest].[tbl_Pinterest_Ad_Details],[pinterest].[keyword_facts] ,,
Social Sources,Pinterest,APIReportingDB,Keyword,7,[dbo].[vw_Pinterest_Keyword_Data_Master],,,
Social Sources,Pinterest,APIReportingDB,Keyword,7,[pinterest].[ad_group_facts],,,
Social Sources,Pinterest,APIReportingDB,Keyword,7,[pinterest].[ad_group_dim],,,
Social Sources,Pinterest,APIReportingDB,Keyword,7,[pinterest].[ad_dim],,,
Social Sources,Pinterest,APIReportingDB,Keyword,7,[pinterest].[campaign_dim],,,
Social Sources,Pinterest,APIReportingDB,Keyword,7,[pinterest].[advertiser_dim],,,
Social Sources,Pinterest,APIReportingDB,Keyword,7,[pinterest].[keyword_dim],,,
Social Sources,Pinterest,APIReportingDB,Keyword,7,[pinterest].[keyword_facts],,,
Social Sources,Pinterest,APIReportingDB,Accounts,7,[pinterest].[account_server_staging],,,
Social Sources,Pinterest,APIReportingDB,Campaign,7,[pinterest].[campaign_dim],,,
Social Sources,Pinterest,APIReportingDB,Campaign,7,[pinterest].[campaign_facts],,,
Social Sources,LinkedIn,ApiReportingDB,Ads,7,[dbo].[vw_LinkedIn_Ad_Details_Master],,,
Social Sources,LinkedIn,ApiReportingDB,Ads,7,[linkedin].[accounts_dim],,,
Social Sources,LinkedIn,ApiReportingDB,Ads,7,[linkedin].[ad_dim],,,
Social Sources,LinkedIn,ApiReportingDB,Ads,7,[linkedin].[ad_facts],,,
Social Sources,LinkedIn,ApiReportingDB,Ads,7,[linkedin].[campaign_dim],,,
Social Sources,LinkedIn,ApiReportingDB,Budgets,7,[linkedin].[budget_facts],,,
Social Sources,TikTok,ApiReportingDB,Standard Report,7,[dbo].[vw_Tiktok_Fact_Basic_StandardReport],,,
Social Sources,TikTok,ApiReportingDB,Standard Report,7,[tiktok].[DimAccount],,,
Social Sources,TikTok,ApiReportingDB,Standard Report,7,[tiktok].[DimAd],,,
Social Sources,TikTok,ApiReportingDB,Standard Report,7,[tiktok].[DimAdGroup],,,
Social Sources,TikTok,ApiReportingDB,Standard Report,7,[tiktok].[DimCampaign],,,
Social Sources,TikTok,ApiReportingDB,Standard Report,7,[tiktok].[Fact_Basic_StandardReport],,,
Social Sources,TikTok,ApiReportingDB,Interests,7,[tiktok].[DimInterests_Category] ,,,
Social Sources,Reddit,ApiReportingDB,Ad,7,[dbo].[vw_Reddit_Report_Details_Master],,,
Social Sources,Reddit,ApiReportingDB,Ad,7,[reddit].[account_client],,,
Social Sources,Reddit,ApiReportingDB,Ad,7,[reddit].[ad_dim],,,
Social Sources,Reddit,ApiReportingDB,Ad,7,[reddit].[adgroup_dim],,,
Social Sources,Reddit,ApiReportingDB,Ad,7,[reddit].[campaign_dim],,,
Social Sources,Reddit,ApiReportingDB,Ad,7,[reddit].[client_reports_fact],,,
Social Sources,Indeed,ApiReportingDB,Ad ID Report,14,[indeed].[fact_ad_id_report],,,
Social Sources,Indeed,ApiReportingDB,Organic Metrics,14,[indeed].[fact_organic_metrics_report],,,
Social Sources,Indeed,ApiReportingDB,Organic Metrics Apply Starts,14,[indeed].[fact_organic_apply_starts_report],,,
Search Sources,SA 360 ,DS_Search,Keyword,0,[dbo].[vw_DS_Keyword_Details_Master],,,
Search Sources,SA 360 ,DS_Search,Keyword,0,[dbo].[AdWords_Keyword_Non_DS_Clients],,,
Search Sources,SA 360 ,DS_Search,Keyword,0,[dbo].[DimDSAdgroup],,,
Search Sources,SA 360 ,DS_Search,Keyword,0,[dbo].[DimDS360Advertiser],,,
Search Sources,SA 360 ,DS_Search,Keyword,0,[dbo].[DimDSCampaign],,,
Search Sources,SA 360 ,DS_Search,Keyword,0,[dbo].[DS_Keyword_Details],,,
Search Sources,SA 360 ,DS_Search,Keyword,0,[dbo].[DS_Normalized_Client_Lookup],,,
Search Sources,SA 360 ,DS_Search,Keyword,0,[dbo].[vw_DS_Keyword_Details_Weekly_Master],,,
Search Sources,SA 360 ,DS_Search,Keyword,0,[dbo].[Keyword_Details_Weekly],,,
Search Sources,SA 360 ,DS_Search,Campaign Monthly Impression,0,[dbo].[vw_DS_CampaignSearch_Details_Master],,,
Search Sources,SA 360 ,DS_Search,Campaign Monthly Impression,0,[dbo].[DimDSCampaign],,,
Search Sources,SA 360 ,DS_Search,Campaign Monthly Impression,0,[dbo].[DS_CampaignSearch_Details],,,
Search Sources,SA 360 ,DS_Search,Campaign Monthly Impression,0,[dbo].[DS_Normalized_Client_Lookup],,,
Search Sources,SA 360 ,DS_Search,DMA Search,4,[dbo].[vw_DS_Campaign_DMA_Search],,,
Search Sources,SA 360 ,DS_Search,DMA Search,4,[dbo].[DS_Campaign_DMA_Search],,,
Search Sources,SA 360 ,DS_Search,DMA Search,4,[dbo].[DS_Normalized_Client_Lookup],,,
Search Sources,SA 360 ,DS_Search,Floodlight,0,[dbo].[vw_Floodlight_Search_Details_Master],,,
Search Sources,SA 360 ,DS_Search,Floodlight,0,[dbo].[DS_Normalized_Client_Lookup],,,
Search Sources,SA 360 ,DS_Search,Floodlight,0,[dbo].[Floodlight_Search_Details],,,
Search Sources,SA 360 ,DS_Search,Gilead – UTM Compliance,0,[dbo].[vw_gilead_UTM_search_validation],[dbo].[DS_AdGroup_Details],,
Search Sources,SA 360 ,DS_Search,Gilead – UTM Compliance,0,[dbo].[vw_gilead_UTM_search_validation],[dbo].[DS_CampaignLabel_Details],,
Search Sources,Google Ads ,AdWordsDB,Campaign,14,[dbo].[vw_AdWords_Campaign_Data_Master],,,
Search Sources,Google Ads ,AdWordsDB,Campaign,14,[dbo].[accounts_dim],,,
Search Sources,Google Ads ,AdWordsDB,Campaign,14,[dbo].[campaigns_dim],,,
Search Sources,Google Ads ,AdWordsDB,Keywords,14,[dbo].[vw_AdWords_Keyword_Data_Master],,,
Search Sources,Google Ads ,AdWordsDB,Keywords,14,[dbo].[accounts_dim],,,
Search Sources,Google Ads ,AdWordsDB,Keywords,14,[dbo].[ad_groups_dim],,,
Search Sources,Google Ads ,AdWordsDB,Keywords,14,[dbo].[ads_dim],,,
Search Sources,Google Ads ,AdWordsDB,Keywords,14,[dbo].[campaigns_dim],,,
Search Sources,Google Ads ,AdWordsDB,Keywords,14,[dbo].[keywords_dim],,,
Search Sources,Google Ads ,AdWordsDB,Keywords,14,[dbo].[keywords_data_v2],,,
Search Sources,Google Ads ,AdWordsDB,Keywords,14,[dbo].[vw_AdWords_Keyword_Data_AppendToDS],,,
Search Sources,Google Ads ,AdWordsDB,Keywords,14,[dbo].[accounts_dim],,,
Search Sources,Google Ads ,AdWordsDB,Keywords,14,[dbo].[ad_groups_dim],,,
Search Sources,Google Ads ,AdWordsDB,Keywords,14,[dbo].[ad_groups_ids_exclude],,,
Search Sources,Google Ads ,AdWordsDB,Keywords,14,[dbo].[ad_groups_data],,,
Search Sources,Google Ads ,AdWordsDB,Keywords,14,[dbo].[ads_dim],,,
Search Sources,Google Ads ,AdWordsDB,Keywords,14,[dbo].[campaigns_dim],,,
Search Sources,Google Ads ,AdWordsDB,Keywords,14,[dbo].[keywords_dim],,,
Search Sources,Google Ads ,AdWordsDB,Keywords,14,[dbo].[keywords_data_v2],,,
Search Sources,Google Ads ,AdWordsDB,Video,0,[dbo].[vw_AdWords_Video_Data_Master],,,
Search Sources,Google Ads ,AdWordsDB,Video,0,[dbo].[campaigns_dim],,,
Search Sources,Google Ads ,AdWordsDB,Video,0,[dbo].[videos_data],[dbo].[accounts_dim],,
Search Sources,Google Ads ,AdWordsDB,Video,0,[dbo].[videos_data],[dbo].[ad_groups_dim],,
Search Sources,Google Ads ,AdWordsDB,Video,0,[dbo].[videos_data],[dbo].[ads_dim],,
Search Sources,Google Ads ,AdWordsDB,Merck Search Compliance – Ad Details,0,[dbo].[vw_Merck_Search_Validation],,,
Search Sources,Google Ads ,AdWordsDB,Merck Search Compliance – Ad Details,0,[ApiReportingDB].[bing].[accounts_dim],,,
Search Sources,Google Ads ,AdWordsDB,Merck Search Compliance – Ad Details,0,[AdWordsDB].[dbo].[accounts_dim],,,
Search Sources,Google Ads ,AdWordsDB,Merck Search Compliance – Ad Details,0,[AdWordsDB].[dbo].[ad_details_dim],,,
Search Sources,Google Ads ,AdWordsDB,Merck Search Compliance – Ad Details,0,[ApiReportingDB]. [bing].[ad_dim],,,
Search Sources,Google Ads ,AdWordsDB,Merck Search Compliance – Ad Details,0,[AdWordsDB].[dbo].[ad_groups_dim],,,
Search Sources,Google Ads ,AdWordsDB,Merck Search Compliance – Ad Details,0,[ApiReportingDB].[bing].[adgroup_dim],,,
Search Sources,Google Ads ,AdWordsDB,Merck Search Compliance – Ad Details,0,[ApiReportingDB].[bing].[campaign_dim],,,
Search Sources,Google Ads ,AdWordsDB,Merck Search Compliance – Ad Details,0,[ApiReportingDB].[bing].[campaign_labels_dim],,,
Search Sources,Google Ads ,AdWordsDB,Merck Search Compliance – Ad Details,0,[AdWordsDB].[dbo].[campaigns_dim],,,
Search Sources,Google Ads ,AdWordsDB,Merck Search Compliance – Ad Details,0,[ApiReportingDB].[bing].[labels_dim],,,
Search Sources,Google Ads ,AdWordsDB,Merck Search Compliance – Ad Details,0,[AdWordsDB].[dbo].[labels_dim],,,
Search Sources,Google Ads ,AdWordsDB,Merck Search Compliance – Campaign,0,[dbo].[vw_Merck_Search_Validation_Campaigns],,,
Search Sources,Google Ads ,AdWordsDB,Merck Search Compliance – Campaign,0,[ApiReportingDB].[bing].[accounts_dim],,,
Search Sources,Google Ads ,AdWordsDB,Merck Search Compliance – Campaign,0,[AdWordsDB].[dbo].[accounts_dim],,,
Search Sources,Google Ads ,AdWordsDB,Merck Search Compliance – Campaign,0,[AdWordsDB].[dbo].[ad_details_dim],,,
Search Sources,Google Ads ,AdWordsDB,Merck Search Compliance – Campaign,0,[ApiReportingDB]. [bing].[ad_dim],,,
Search Sources,Google Ads ,AdWordsDB,Merck Search Compliance – Campaign,0,[AdWordsDB].[dbo].[ad_groups_dim],,,
Search Sources,Google Ads ,AdWordsDB,Merck Search Compliance – Campaign,0,[ApiReportingDB].[bing].[adgroup_dim],,,
Search Sources,Google Ads ,AdWordsDB,Merck Search Compliance – Campaign,0,[ApiReportingDB].[bing].[campaign_dim],,,
Search Sources,Google Ads ,AdWordsDB,Merck Search Compliance – Campaign,0,[ApiReportingDB].[bing].[campaign_labels_dim],,,
Search Sources,Google Ads ,AdWordsDB,Merck Search Compliance – Campaign,0,[dbo].[campaign_langs_dim],,,
Search Sources,Google Ads ,AdWordsDB,Merck Search Compliance – Campaign,0,[ApiReportingDB].[bing].[campaign_location_criterion_dim],,,
Search Sources,Google Ads ,AdWordsDB,Merck Search Compliance – Campaign,0,[AdWordsDB].[dbo].[campaigns_dim],,,
Search Sources,Google Ads ,AdWordsDB,Merck Search Compliance – Campaign,0,[ApiReportingDB].[bing].[labels_dim],,,
Search Sources,Google Ads ,AdWordsDB,Merck Search Compliance – Campaign,0,[AdWordsDB].[dbo].[labels_dim],,,
Search Sources,Google Ads ,AdWordsDB,Merck Search Compliance – Campaign,0,[AdWordsDB].[dbo].[extensions_map],,,
Search Sources,Google Ads ,AdWordsDB,Merck Search Compliance – Campaign,0,[AdWordsDB].[dbo].[geo_dim],,,
Search Sources,Google Ads ,AdWordsDB,Merck Search Compliance – Campaign,0,[AdWordsDB].[dbo].[geotarget_reference],,,
Search Sources,Google Ads ,AdWordsDB,Merck Search Compliance – Campaign,0,[ApiReportingDB].[bing].[keyword_dim],,,
Search Sources,Google Ads ,AdWordsDB,Merck Search Compliance – Campaign,0,[AdWordsDB].[dbo].[merck_keywords_dim],,,
Search Sources,Google Ads ,AdWordsDB,Merck Search Compliance – Extension,0,[dbo].[vw_Merck_Search_Validation_Extensions_v2],,,
Search Sources,Google Ads ,AdWordsDB,Merck Search Compliance – Extension,0,[ApiReportingDB].[bing].[accounts_dim],,,
Search Sources,Google Ads ,AdWordsDB,Merck Search Compliance – Extension,0,[AdWordsDB].[dbo].[accounts_dim],,,
Search Sources,Google Ads ,AdWordsDB,Merck Search Compliance – Extension,0,[AdWordsDB].[dbo].[ad_details_dim],,,
Search Sources,Google Ads ,AdWordsDB,Merck Search Compliance – Extension,0,[ApiReportingDB]. [bing].[ad_dim],,,
Search Sources,Google Ads ,AdWordsDB,Merck Search Compliance – Extension,0,[ApiReportingDB].[bing].[campaign_dim],,,
Search Sources,Google Ads ,AdWordsDB,Merck Search Compliance – Extension,0,[ApiReportingDB].[bing].[campaign_labels_dim],,,
Search Sources,Google Ads ,AdWordsDB,Merck Search Compliance – Extension,0,[AdWordsDB].[dbo].[campaigns_dim],,,
Search Sources,Google Ads ,AdWordsDB,Merck Search Compliance – Extension,0,[ApiReportingDB]. [bing].[campaign_extensions_dim],,,
Search Sources,Google Ads ,AdWordsDB,Merck Search Compliance – Extension,0,[ApiReportingDB].[bing].[extensions_dim],,,
Search Sources,Google Ads ,AdWordsDB,Merck Search Compliance – Extension,0,[AdWordsDB].[dbo].[extensions_dim_v2],,,
Search Sources,Google Ads ,AdWordsDB,Merck Search Compliance – Extension,0,[AdWordsDB].[dbo].[extensions_map],,,
Search Sources,Google Ads ,AdWordsDB,Merck Search Compliance – Extension,0,[AdWordsDB].[dbo].[extensions_map_v2],,,
Search Sources,Google Ads ,AdWordsDB,Merck Search Compliance – Extension,0,[ApiReportingDB].[bing].[keyword_dim],,,
Search Sources,Google Ads ,AdWordsDB,Merck Search Compliance – Extension,0,[ApiReportingDB].[bing].[labels_dim],,,
Search Sources,Google Ads ,AdWordsDB,Merck Search Compliance – Extension,0,[AdWordsDB].[dbo].[labels_dim],,,
Search Sources,Google Ads ,AdWordsDB,Merck Search Compliance – Keyword,0,[dbo].[vw_Merck_Search_Validation_Keywords_v2],,,
Search Sources,Google Ads ,AdWordsDB,Merck Search Compliance – Keyword,0,[AdWordsDB].[dbo].[accounts_dim],,,
Search Sources,Google Ads ,AdWordsDB,Merck Search Compliance – Keyword,0,[AdWordsDB].[dbo].[ad_details_dim],,,
Search Sources,Google Ads ,AdWordsDB,Merck Search Compliance – Keyword,0,[ApiReportingDB].[bing].[campaign_dim],,,
Search Sources,Google Ads ,AdWordsDB,Merck Search Compliance – Keyword,0,[AdWordsDB].[dbo].[campaigns_dim],,,
Search Sources,Google Ads ,AdWordsDB,Merck Search Compliance – Keyword,0,[AdWordsDB].[dbo].[merck_keywords_dim],,,
Search Sources,Google Ads ,AdWordsDB,Merck Search Compliance – Keyword,0,[AdWordsDB].[dbo].[negative_keywords_dim],,,
Search Sources,Google Ads ,AdWordsDB,Merck Search Compliance – Negative Keyword,0,[dbo].[vw_Merck_Search_Validation_KeywordsNegative],,,
Search Sources,Google Ads ,AdWordsDB,Merck Search Compliance – Negative Keyword,0,[ApiReportingDB].[bing].[accounts_dim],,,
Search Sources,Google Ads ,AdWordsDB,Merck Search Compliance – Negative Keyword,0,[AdWordsDB].[dbo].[accounts_dim],,,
Search Sources,Google Ads ,AdWordsDB,Merck Search Compliance – Negative Keyword,0,[AdWordsDB].[dbo].[ad_details_dim],,,
Search Sources,Google Ads ,AdWordsDB,Merck Search Compliance – Negative Keyword,0,[AdWordsDB].[dbo].[campaigns_dim],,,
Search Sources,Google Ads ,AdWordsDB,Merck Search Compliance – Negative Keyword,0,[AdWordsDB].[dbo].[merck_keywords_dim],,,
Search Sources,Google Ads ,AdWordsDB,Merck Search Compliance – Negative Keyword,0,[AdWordsDB].[dbo].[merck_negative_keywords_sheet],,,
Search Sources,Google Ads ,AdWordsDB,Merck Search Compliance – Negative Keyword,0,[AdWordsDB].[dbo].[negative_keywords_dim],,,
Search Sources,Google Ads ,AdWordsDB,Merck Search Compliance – Negative Keyword,0,[ApiReportingDB].[bing].[negativekeyword_dim],,,
Search Sources,Google Ads ,AdWordsDB,Campaign,14,[dbo].[campaigns_dim],,,
Search Sources,Google Ads ,AdWordsDB,Campaign,14,[dbo].[campaigns_data],,,
Search Sources,Bing,ApiReportingDB,Campaign,0,[dbo].[vw_Bing_Campaign_Data_Master],,,
Search Sources,Bing,ApiReportingDB,Campaign,0,[bing].[accounts_dim],,,
Search Sources,Bing,ApiReportingDB,Campaign,0,[bing].[campaign_facts],,,
Search Sources,Bing,ApiReportingDB,Campaign,0,[bing].[campaign_dim],,,
Search Sources,Bing,ApiReportingDB,Bulk Keywords,0,[dbo].[vw_Bing_Keyword_Data_Master],,,
Search Sources,Bing,ApiReportingDB,Bulk Keywords,0,[bing].[accounts_dim],,,
Search Sources,Bing,ApiReportingDB,Bulk Keywords,0,[bing].[ad_dim],,,
Search Sources,Bing,ApiReportingDB,Bulk Keywords,0,[bing].[adgroup_dim],,,
Search Sources,Bing,ApiReportingDB,Bulk Keywords,0,[bing].[campaign_dim],,,
Search Sources,Bing,ApiReportingDB,Bulk Keywords,0,[bing].[keyword_dim],,,
Search Sources,Bing,ApiReportingDB,Bulk Keywords,0,[dbo].[vw_Bing_Keyword_Append_To_DS],,,
Search Sources,Bing,ApiReportingDB,Bulk Keywords,0,[bing].[accounts_dim],,,
Search Sources,Bing,ApiReportingDB,Bulk Keywords,0,[bing].[ad_dim],,,
Search Sources,Bing,ApiReportingDB,Bulk Keywords,0,[bing].[adgroup_dim],,,
Search Sources,Bing,ApiReportingDB,Bulk Keywords,0,[bing].[campaign_dim],,,
Search Sources,Bing,ApiReportingDB,Bulk Keywords,0,[bing].[keyword_dim],,,
Search Sources,Bing,ApiReportingDB,Bulk Keywords,0,[bing].[keyword_facts],,,
Search Sources,Bing,ApiReportingDB,Ads,0,[bing].[ad_dim],,,
Search Sources,Bing,ApiReportingDB,Ads,0,[bing].[ad_facts],,,
Search Sources,Bing,ApiReportingDB,Ad Group,0,[bing].[adgroup_dim],,,
Search Sources,Bing,ApiReportingDB,Ad Group,0,[bing].[adgroup_facts],,,
Search Sources,Bing,ApiReportingDB,Budget,0,[bing].[budget_facts],,,
Search Sources,Bing,ApiReportingDB,Geotargeting and Language,0,[bing].[geo_dim],,,
Search Sources,Bing,ApiReportingDB,Geotargeting and Language,0,[bing].[geo_facts],,,
Search Sources,Google Analytics,GA_DB,Sessions,0,[dbo].[vw_ga_sessions],,,
Search Sources,Google Analytics,GA_DB,Goals,0,[dbo].[vw_ga_goals],,,
Search Sources,Google Analytics,GA_DB,Campaign Manager Google Analytics,0,[dbo].[vw_dcm_ga],,,
Search Sources,Google Analytics,GA_DB,SA 360 Google Analytics,0,[dbo].[vw_ds_ga],,,
TV / Placed / DAR Sources,Network,ApiReportingDB,Network TV,0,[dbo].[Networking_data],,,
TV / Placed / DAR Sources,Print,ApiReportingDB,Print,0,[dbo].[Print_data],,,
TV / Placed / DAR Sources,Spot,ApiReportingDB,Spot,0,[dbo].[Spot_data] ,,,
TV / Placed / DAR Sources,Nielsen,ApiReportingDB,Account,7,[nielsen].[DimAccount],,,
TV / Placed / DAR Sources,Nielsen,ApiReportingDB,Campaign,7,[nielsen].[DimCampaign],,,
TV / Placed / DAR Sources,Nielsen,ApiReportingDB,Placement,7,[nielsen].[DimSitePlacement],,,
TV / Placed / DAR Sources,Nielsen,ApiReportingDB,Fact Campaign Exposure,7,[nielsen].[FactCampaignExposure],,,
TV / Placed / DAR Sources,Foursquare,ApiReportingDB,Report name,0,[dbo].[vw_FourSquare_Daily_Master],,,
TV / Placed / DAR Sources,Foursquare,ApiReportingDB,Report name,0,[foursquare].[dim_advertiser],,,
TV / Placed / DAR Sources,Foursquare,ApiReportingDB,Report name,0,[foursquare].[fact_reports],[foursquare].[dim_reports] ,,
TV / Placed / DAR Sources,Foursquare,ApiReportingDB,Report name,0,[dbo].[vw_FourSquare_Overall_Master],,,
TV / Placed / DAR Sources,Foursquare,ApiReportingDB,Report name,0,[foursquare].[dim_advertiser],,,
TV / Placed / DAR Sources,Foursquare,ApiReportingDB,Report name,0,[foursquare].[fact_reports_overall],[foursquare].[dim_reports],,